{"cameraMode":{"drawMode":0,"name":"Shaded","section":"Shading Mode"},"sceneLighting":true,"audioPlay":false,"sceneViewState":{"m_AlwaysRefresh":false,"showFog":true,"showSkybox":true,"showFlares":true,"showImageEffects":true,"showParticleSystems":true,"showVisualEffectGraphs":true,"m_FxEnabled":true},"in2DMode":false,"pivot":{"x":15.764972686767579,"y":13.264293670654297,"z":26.730985641479493},"rotation":{"x":0.22738951444625855,"y":-0.46536901593208315,"z":0.1250339150428772,"w":0.8462322950363159},"size":24.283010482788087,"orthographic":false}